id,timestamp,type,severity,description,explanation,hash,encrypted_data,log_source,status,event_id
245,2026-05-12T11:57:58.619010,New File Detected,MEDIUM,New monitored file detected: C:\Users\rajpr\eclipse\java-2025-03\eclipse\configuration\org.eclipse.osgi\455\0\.cp\javascript\common.js,,,,Forensics,New,0
244,2026-05-12T11:57:58.588166,New File Detected,MEDIUM,New monitored file detected: C:\Users\rajpr\eclipse\java-2025-03\eclipse\configuration\org.eclipse.osgi\422\0\.cp\WebView2Loader.dll,,,,Forensics,New,0
243,2026-05-12T11:57:58.564614,New File Detected,MEDIUM,New monitored file detected: C:\Users\rajpr\eclipse\java-2025-03\eclipse\configuration\org.eclipse.osgi\422\0\.cp\swt-win32-4968r13.dll,,,,Forensics,New,0
242,2026-05-12T11:57:58.538055,New File Detected,MEDIUM,New monitored file detected: C:\Users\rajpr\eclipse\java-2025-03\eclipse\configuration\org.eclipse.osgi\422\0\.cp\swt-gdip-win32-4968r13.dll,,,,Forensics,New,0
241,2026-05-12T11:57:58.462311,New File Detected,MEDIUM,New monitored file detected: C:\Users\rajpr\eclipse\java-2025-03\eclipse\eclipsec.exe,,,,Forensics,New,0
240,2026-05-12T11:57:58.438173,New File Detected,MEDIUM,New monitored file detected: C:\Users\rajpr\eclipse\java-2025-03\eclipse\eclipse.exe,,,,Forensics,New,0
239,2026-05-12T11:57:58.366897,New File Detected,MEDIUM,New monitored file detected: C:\Users\rajpr\.skiko\5e2d47dc6f30cc62b3f26c2ee7c79b523cd543bb4eb39095f73a18ebe82c58d4\skiko-windows-x64.dll,,,,Forensics,New,0
238,2026-05-12T11:57:58.284951,New File Detected,MEDIUM,New monitored file detected: C:\Users\rajpr\.p2\pool\plugins\org.eclipse.justj.openjdk.hotspot.jre.full.win32.x86_64_21.0.6.v20250130-0529\jre\lib\src.zip,,,,Forensics,New,0
237,2026-05-12T11:57:58.096283,New File Detected,MEDIUM,New monitored file detected: C:\Users\rajpr\.p2\pool\plugins\org.eclipse.justj.openjdk.hotspot.jre.full.win32.x86_64_21.0.6.v20250130-0529\jre\bin\server\jvm.dll,,,,Forensics,New,0
236,2026-05-12T11:57:58.029655,New File Detected,MEDIUM,New monitored file detected: C:\Users\rajpr\.p2\pool\plugins\org.eclipse.justj.openjdk.hotspot.jre.full.win32.x86_64_21.0.6.v20250130-0529\jre\bin\zip.dll,,,,Forensics,New,0
235,2026-05-12T11:57:58.004547,New File Detected,MEDIUM,New monitored file detected: C:\Users\rajpr\.p2\pool\plugins\org.eclipse.justj.openjdk.hotspot.jre.full.win32.x86_64_21.0.6.v20250130-0529\jre\bin\windowsaccessbridge-64.dll,,,,Forensics,New,0
234,2026-05-12T11:57:57.980226,New File Detected,MEDIUM,New monitored file detected: C:\Users\rajpr\.p2\pool\plugins\org.eclipse.justj.openjdk.hotspot.jre.full.win32.x86_64_21.0.6.v20250130-0529\jre\bin\w2k_lsa_auth.dll,,,,Forensics,New,0
233,2026-05-12T11:57:57.956812,New File Detected,MEDIUM,New monitored file detected: C:\Users\rajpr\.p2\pool\plugins\org.eclipse.justj.openjdk.hotspot.jre.full.win32.x86_64_21.0.6.v20250130-0529\jre\bin\verify.dll,,,,Forensics,New,0
232,2026-05-12T11:57:57.934322,New File Detected,MEDIUM,New monitored file detected: C:\Users\rajpr\.p2\pool\plugins\org.eclipse.justj.openjdk.hotspot.jre.full.win32.x86_64_21.0.6.v20250130-0529\jre\bin\vcruntime140_1.dll,,,,Forensics,New,0
231,2026-05-12T11:57:57.911273,New File Detected,MEDIUM,New monitored file detected: C:\Users\rajpr\.p2\pool\plugins\org.eclipse.justj.openjdk.hotspot.jre.full.win32.x86_64_21.0.6.v20250130-0529\jre\bin\vcruntime140.dll,,,,Forensics,New,0
230,2026-05-12T11:57:57.887833,New File Detected,MEDIUM,New monitored file detected: C:\Users\rajpr\.p2\pool\plugins\org.eclipse.justj.openjdk.hotspot.jre.full.win32.x86_64_21.0.6.v20250130-0529\jre\bin\ucrtbase.dll,,,,Forensics,New,0
229,2026-05-12T11:57:57.860210,New File Detected,MEDIUM,New monitored file detected: C:\Users\rajpr\.p2\pool\plugins\org.eclipse.justj.openjdk.hotspot.jre.full.win32.x86_64_21.0.6.v20250130-0529\jre\bin\syslookup.dll,,,,Forensics,New,0
228,2026-05-12T11:57:57.836018,New File Detected,MEDIUM,New monitored file detected: C:\Users\rajpr\.p2\pool\plugins\org.eclipse.justj.openjdk.hotspot.jre.full.win32.x86_64_21.0.6.v20250130-0529\jre\bin\sunmscapi.dll,,,,Forensics,New,0
227,2026-05-12T11:57:57.812994,New File Detected,MEDIUM,New monitored file detected: C:\Users\rajpr\.p2\pool\plugins\org.eclipse.justj.openjdk.hotspot.jre.full.win32.x86_64_21.0.6.v20250130-0529\jre\bin\sspi_bridge.dll,,,,Forensics,New,0
226,2026-05-12T11:57:57.788741,New File Detected,MEDIUM,New monitored file detected: C:\Users\rajpr\.p2\pool\plugins\org.eclipse.justj.openjdk.hotspot.jre.full.win32.x86_64_21.0.6.v20250130-0529\jre\bin\splashscreen.dll,,,,Forensics,New,0
225,2026-05-12T11:57:57.764679,New File Detected,MEDIUM,New monitored file detected: C:\Users\rajpr\.p2\pool\plugins\org.eclipse.justj.openjdk.hotspot.jre.full.win32.x86_64_21.0.6.v20250130-0529\jre\bin\serialver.exe,,,,Forensics,New,0
224,2026-05-12T11:57:57.740936,New File Detected,MEDIUM,New monitored file detected: C:\Users\rajpr\.p2\pool\plugins\org.eclipse.justj.openjdk.hotspot.jre.full.win32.x86_64_21.0.6.v20250130-0529\jre\bin\saproc.dll,,,,Forensics,New,0
223,2026-05-12T11:57:57.716784,New File Detected,MEDIUM,New monitored file detected: C:\Users\rajpr\.p2\pool\plugins\org.eclipse.justj.openjdk.hotspot.jre.full.win32.x86_64_21.0.6.v20250130-0529\jre\bin\rmiregistry.exe,,,,Forensics,New,0
222,2026-05-12T11:57:57.692531,New File Detected,MEDIUM,New monitored file detected: C:\Users\rajpr\.p2\pool\plugins\org.eclipse.justj.openjdk.hotspot.jre.full.win32.x86_64_21.0.6.v20250130-0529\jre\bin\rmi.dll,,,,Forensics,New,0
221,2026-05-12T11:57:57.668744,New File Detected,MEDIUM,New monitored file detected: C:\Users\rajpr\.p2\pool\plugins\org.eclipse.justj.openjdk.hotspot.jre.full.win32.x86_64_21.0.6.v20250130-0529\jre\bin\prefs.dll,,,,Forensics,New,0
220,2026-05-12T11:57:57.644066,New File Detected,MEDIUM,New monitored file detected: C:\Users\rajpr\.p2\pool\plugins\org.eclipse.justj.openjdk.hotspot.jre.full.win32.x86_64_21.0.6.v20250130-0529\jre\bin\nio.dll,,,,Forensics,New,0
219,2026-05-12T11:57:57.620477,New File Detected,MEDIUM,New monitored file detected: C:\Users\rajpr\.p2\pool\plugins\org.eclipse.justj.openjdk.hotspot.jre.full.win32.x86_64_21.0.6.v20250130-0529\jre\bin\net.dll,,,,Forensics,New,0
218,2026-05-12T11:57:57.596647,New File Detected,MEDIUM,New monitored file detected: C:\Users\rajpr\.p2\pool\plugins\org.eclipse.justj.openjdk.hotspot.jre.full.win32.x86_64_21.0.6.v20250130-0529\jre\bin\msvcp140.dll,,,,Forensics,New,0
217,2026-05-12T11:57:57.571671,New File Detected,MEDIUM,New monitored file detected: C:\Users\rajpr\.p2\pool\plugins\org.eclipse.justj.openjdk.hotspot.jre.full.win32.x86_64_21.0.6.v20250130-0529\jre\bin\mlib_image.dll,,,,Forensics,New,0
216,2026-05-12T11:57:57.546633,New File Detected,MEDIUM,New monitored file detected: C:\Users\rajpr\.p2\pool\plugins\org.eclipse.justj.openjdk.hotspot.jre.full.win32.x86_64_21.0.6.v20250130-0529\jre\bin\management_ext.dll,,,,Forensics,New,0
215,2026-05-12T11:57:57.522883,New File Detected,MEDIUM,New monitored file detected: C:\Users\rajpr\.p2\pool\plugins\org.eclipse.justj.openjdk.hotspot.jre.full.win32.x86_64_21.0.6.v20250130-0529\jre\bin\management_agent.dll,,,,Forensics,New,0
214,2026-05-12T11:57:57.500126,New File Detected,MEDIUM,New monitored file detected: C:\Users\rajpr\.p2\pool\plugins\org.eclipse.justj.openjdk.hotspot.jre.full.win32.x86_64_21.0.6.v20250130-0529\jre\bin\management.dll,,,,Forensics,New,0
213,2026-05-12T11:57:57.475857,New File Detected,MEDIUM,New monitored file detected: C:\Users\rajpr\.p2\pool\plugins\org.eclipse.justj.openjdk.hotspot.jre.full.win32.x86_64_21.0.6.v20250130-0529\jre\bin\le.dll,,,,Forensics,New,0
212,2026-05-12T11:57:57.451910,New File Detected,MEDIUM,New monitored file detected: C:\Users\rajpr\.p2\pool\plugins\org.eclipse.justj.openjdk.hotspot.jre.full.win32.x86_64_21.0.6.v20250130-0529\jre\bin\lcms.dll,,,,Forensics,New,0
211,2026-05-12T11:57:57.426773,New File Detected,MEDIUM,New monitored file detected: C:\Users\rajpr\.p2\pool\plugins\org.eclipse.justj.openjdk.hotspot.jre.full.win32.x86_64_21.0.6.v20250130-0529\jre\bin\ktab.exe,,,,Forensics,New,0
210,2026-05-12T11:57:57.402452,New File Detected,MEDIUM,New monitored file detected: C:\Users\rajpr\.p2\pool\plugins\org.eclipse.justj.openjdk.hotspot.jre.full.win32.x86_64_21.0.6.v20250130-0529\jre\bin\klist.exe,,,,Forensics,New,0
209,2026-05-12T11:57:57.377568,New File Detected,MEDIUM,New monitored file detected: C:\Users\rajpr\.p2\pool\plugins\org.eclipse.justj.openjdk.hotspot.jre.full.win32.x86_64_21.0.6.v20250130-0529\jre\bin\kinit.exe,,,,Forensics,New,0
208,2026-05-12T11:57:57.352835,New File Detected,MEDIUM,New monitored file detected: C:\Users\rajpr\.p2\pool\plugins\org.eclipse.justj.openjdk.hotspot.jre.full.win32.x86_64_21.0.6.v20250130-0529\jre\bin\keytool.exe,,,,Forensics,New,0
207,2026-05-12T11:57:57.304539,New File Detected,MEDIUM,New monitored file detected: C:\Users\rajpr\.p2\pool\plugins\org.eclipse.justj.openjdk.hotspot.jre.full.win32.x86_64_21.0.6.v20250130-0529\jre\bin\jwebserver.exe,,,,Forensics,New,0
206,2026-05-12T11:57:57.280571,New File Detected,MEDIUM,New monitored file detected: C:\Users\rajpr\.p2\pool\plugins\org.eclipse.justj.openjdk.hotspot.jre.full.win32.x86_64_21.0.6.v20250130-0529\jre\bin\jstatd.exe,,,,Forensics,New,0
205,2026-05-12T11:57:57.257054,New File Detected,MEDIUM,New monitored file detected: C:\Users\rajpr\.p2\pool\plugins\org.eclipse.justj.openjdk.hotspot.jre.full.win32.x86_64_21.0.6.v20250130-0529\jre\bin\jstat.exe,,,,Forensics,New,0
204,2026-05-12T11:57:57.233347,New File Detected,MEDIUM,New monitored file detected: C:\Users\rajpr\.p2\pool\plugins\org.eclipse.justj.openjdk.hotspot.jre.full.win32.x86_64_21.0.6.v20250130-0529\jre\bin\jstack.exe,,,,Forensics,New,0
203,2026-05-12T11:57:57.211516,New File Detected,MEDIUM,New monitored file detected: C:\Users\rajpr\.p2\pool\plugins\org.eclipse.justj.openjdk.hotspot.jre.full.win32.x86_64_21.0.6.v20250130-0529\jre\bin\jsound.dll,,,,Forensics,New,0
202,2026-05-12T11:57:57.180821,New File Detected,MEDIUM,New monitored file detected: C:\Users\rajpr\.p2\pool\plugins\org.eclipse.justj.openjdk.hotspot.jre.full.win32.x86_64_21.0.6.v20250130-0529\jre\bin\jshell.exe,,,,Forensics,New,0
201,2026-05-12T11:57:57.157378,New File Detected,MEDIUM,New monitored file detected: C:\Users\rajpr\.p2\pool\plugins\org.eclipse.justj.openjdk.hotspot.jre.full.win32.x86_64_21.0.6.v20250130-0529\jre\bin\jrunscript.exe,,,,Forensics,New,0
200,2026-05-12T11:57:57.133634,New File Detected,MEDIUM,New monitored file detected: C:\Users\rajpr\.p2\pool\plugins\org.eclipse.justj.openjdk.hotspot.jre.full.win32.x86_64_21.0.6.v20250130-0529\jre\bin\jps.exe,,,,Forensics,New,0
199,2026-05-12T11:57:57.110619,New File Detected,MEDIUM,New monitored file detected: C:\Users\rajpr\.p2\pool\plugins\org.eclipse.justj.openjdk.hotspot.jre.full.win32.x86_64_21.0.6.v20250130-0529\jre\bin\jmap.exe,,,,Forensics,New,0
198,2026-05-12T11:57:57.085631,New File Detected,MEDIUM,New monitored file detected: C:\Users\rajpr\.p2\pool\plugins\org.eclipse.justj.openjdk.hotspot.jre.full.win32.x86_64_21.0.6.v20250130-0529\jre\bin\jli.dll,,,,Forensics,New,0
197,2026-05-12T11:57:57.059594,New File Detected,MEDIUM,New monitored file detected: C:\Users\rajpr\.p2\pool\plugins\org.eclipse.justj.openjdk.hotspot.jre.full.win32.x86_64_21.0.6.v20250130-0529\jre\bin\jinfo.exe,,,,Forensics,New,0
196,2026-05-12T11:57:57.034195,New File Detected,MEDIUM,New monitored file detected: C:\Users\rajpr\.p2\pool\plugins\org.eclipse.justj.openjdk.hotspot.jre.full.win32.x86_64_21.0.6.v20250130-0529\jre\bin\jimage.dll,,,,Forensics,New,0
195,2026-05-12T11:57:57.006238,New File Detected,MEDIUM,New monitored file detected: C:\Users\rajpr\.p2\pool\plugins\org.eclipse.justj.openjdk.hotspot.jre.full.win32.x86_64_21.0.6.v20250130-0529\jre\bin\jhsdb.exe,,,,Forensics,New,0
194,2026-05-12T11:57:56.978812,New File Detected,MEDIUM,New monitored file detected: C:\Users\rajpr\.p2\pool\plugins\org.eclipse.justj.openjdk.hotspot.jre.full.win32.x86_64_21.0.6.v20250130-0529\jre\bin\jfr.exe,,,,Forensics,New,0
193,2026-05-12T11:57:56.954770,New File Detected,MEDIUM,New monitored file detected: C:\Users\rajpr\.p2\pool\plugins\org.eclipse.justj.openjdk.hotspot.jre.full.win32.x86_64_21.0.6.v20250130-0529\jre\bin\jdwp.dll,,,,Forensics,New,0
192,2026-05-12T11:57:56.930036,New File Detected,MEDIUM,New monitored file detected: C:\Users\rajpr\.p2\pool\plugins\org.eclipse.justj.openjdk.hotspot.jre.full.win32.x86_64_21.0.6.v20250130-0529\jre\bin\jdeps.exe,,,,Forensics,New,0
191,2026-05-12T11:57:56.906169,New File Detected,MEDIUM,New monitored file detected: C:\Users\rajpr\.p2\pool\plugins\org.eclipse.justj.openjdk.hotspot.jre.full.win32.x86_64_21.0.6.v20250130-0529\jre\bin\jdeprscan.exe,,,,Forensics,New,0
190,2026-05-12T11:57:56.881657,New File Detected,MEDIUM,New monitored file detected: C:\Users\rajpr\.p2\pool\plugins\org.eclipse.justj.openjdk.hotspot.jre.full.win32.x86_64_21.0.6.v20250130-0529\jre\bin\jdb.exe,,,,Forensics,New,0
189,2026-05-12T11:57:56.858722,New File Detected,MEDIUM,New monitored file detected: C:\Users\rajpr\.p2\pool\plugins\org.eclipse.justj.openjdk.hotspot.jre.full.win32.x86_64_21.0.6.v20250130-0529\jre\bin\jconsole.exe,,,,Forensics,New,0
188,2026-05-12T11:57:56.835425,New File Detected,MEDIUM,New monitored file detected: C:\Users\rajpr\.p2\pool\plugins\org.eclipse.justj.openjdk.hotspot.jre.full.win32.x86_64_21.0.6.v20250130-0529\jre\bin\jcmd.exe,,,,Forensics,New,0
187,2026-05-12T11:57:56.812772,New File Detected,MEDIUM,New monitored file detected: C:\Users\rajpr\.p2\pool\plugins\org.eclipse.justj.openjdk.hotspot.jre.full.win32.x86_64_21.0.6.v20250130-0529\jre\bin\jawt.dll,,,,Forensics,New,0
186,2026-05-12T11:57:56.787322,New File Detected,MEDIUM,New monitored file detected: C:\Users\rajpr\.p2\pool\plugins\org.eclipse.justj.openjdk.hotspot.jre.full.win32.x86_64_21.0.6.v20250130-0529\jre\bin\javaw.exe,,,,Forensics,New,0
185,2026-05-12T11:57:56.762645,New File Detected,MEDIUM,New monitored file detected: C:\Users\rajpr\.p2\pool\plugins\org.eclipse.justj.openjdk.hotspot.jre.full.win32.x86_64_21.0.6.v20250130-0529\jre\bin\javap.exe,,,,Forensics,New,0
184,2026-05-12T11:57:56.739014,New File Detected,MEDIUM,New monitored file detected: C:\Users\rajpr\.p2\pool\plugins\org.eclipse.justj.openjdk.hotspot.jre.full.win32.x86_64_21.0.6.v20250130-0529\jre\bin\javajpeg.dll,,,,Forensics,New,0
183,2026-05-12T11:57:56.714349,New File Detected,MEDIUM,New monitored file detected: C:\Users\rajpr\.p2\pool\plugins\org.eclipse.justj.openjdk.hotspot.jre.full.win32.x86_64_21.0.6.v20250130-0529\jre\bin\javadoc.exe,,,,Forensics,New,0
182,2026-05-12T11:57:56.690706,New File Detected,MEDIUM,New monitored file detected: C:\Users\rajpr\.p2\pool\plugins\org.eclipse.justj.openjdk.hotspot.jre.full.win32.x86_64_21.0.6.v20250130-0529\jre\bin\javac.exe,,,,Forensics,New,0
181,2026-05-12T11:57:56.668661,New File Detected,MEDIUM,New monitored file detected: C:\Users\rajpr\.p2\pool\plugins\org.eclipse.justj.openjdk.hotspot.jre.full.win32.x86_64_21.0.6.v20250130-0529\jre\bin\javaaccessbridge.dll,,,,Forensics,New,0
180,2026-05-12T11:57:56.644664,New File Detected,MEDIUM,New monitored file detected: C:\Users\rajpr\.p2\pool\plugins\org.eclipse.justj.openjdk.hotspot.jre.full.win32.x86_64_21.0.6.v20250130-0529\jre\bin\java.exe,,,,Forensics,New,0
179,2026-05-12T11:57:56.620872,New File Detected,MEDIUM,New monitored file detected: C:\Users\rajpr\.p2\pool\plugins\org.eclipse.justj.openjdk.hotspot.jre.full.win32.x86_64_21.0.6.v20250130-0529\jre\bin\java.dll,,,,Forensics,New,0
178,2026-05-12T11:57:56.597238,New File Detected,MEDIUM,New monitored file detected: C:\Users\rajpr\.p2\pool\plugins\org.eclipse.justj.openjdk.hotspot.jre.full.win32.x86_64_21.0.6.v20250130-0529\jre\bin\jarsigner.exe,,,,Forensics,New,0
177,2026-05-12T11:57:56.571427,New File Detected,MEDIUM,New monitored file detected: C:\Users\rajpr\.p2\pool\plugins\org.eclipse.justj.openjdk.hotspot.jre.full.win32.x86_64_21.0.6.v20250130-0529\jre\bin\jar.exe,,,,Forensics,New,0
176,2026-05-12T11:57:56.548941,New File Detected,MEDIUM,New monitored file detected: C:\Users\rajpr\.p2\pool\plugins\org.eclipse.justj.openjdk.hotspot.jre.full.win32.x86_64_21.0.6.v20250130-0529\jre\bin\jaccesswalker.exe,,,,Forensics,New,0
175,2026-05-12T11:57:56.522722,New File Detected,MEDIUM,New monitored file detected: C:\Users\rajpr\.p2\pool\plugins\org.eclipse.justj.openjdk.hotspot.jre.full.win32.x86_64_21.0.6.v20250130-0529\jre\bin\jaccessinspector.exe,,,,Forensics,New,0
174,2026-05-12T11:57:56.498980,New File Detected,MEDIUM,New monitored file detected: C:\Users\rajpr\.p2\pool\plugins\org.eclipse.justj.openjdk.hotspot.jre.full.win32.x86_64_21.0.6.v20250130-0529\jre\bin\jabswitch.exe,,,,Forensics,New,0
173,2026-05-12T11:57:56.474492,New File Detected,MEDIUM,New monitored file detected: C:\Users\rajpr\.p2\pool\plugins\org.eclipse.justj.openjdk.hotspot.jre.full.win32.x86_64_21.0.6.v20250130-0529\jre\bin\jaas.dll,,,,Forensics,New,0
172,2026-05-12T11:57:56.450919,New File Detected,MEDIUM,New monitored file detected: C:\Users\rajpr\.p2\pool\plugins\org.eclipse.justj.openjdk.hotspot.jre.full.win32.x86_64_21.0.6.v20250130-0529\jre\bin\j2pkcs11.dll,,,,Forensics,New,0
171,2026-05-12T11:57:56.426710,New File Detected,MEDIUM,New monitored file detected: C:\Users\rajpr\.p2\pool\plugins\org.eclipse.justj.openjdk.hotspot.jre.full.win32.x86_64_21.0.6.v20250130-0529\jre\bin\j2pcsc.dll,,,,Forensics,New,0
170,2026-05-12T11:57:56.403067,New File Detected,MEDIUM,New monitored file detected: C:\Users\rajpr\.p2\pool\plugins\org.eclipse.justj.openjdk.hotspot.jre.full.win32.x86_64_21.0.6.v20250130-0529\jre\bin\j2gss.dll,,,,Forensics,New,0
169,2026-05-12T11:57:56.378545,New File Detected,MEDIUM,New monitored file detected: C:\Users\rajpr\.p2\pool\plugins\org.eclipse.justj.openjdk.hotspot.jre.full.win32.x86_64_21.0.6.v20250130-0529\jre\bin\instrument.dll,,,,Forensics,New,0
168,2026-05-12T11:57:56.353058,New File Detected,MEDIUM,New monitored file detected: C:\Users\rajpr\.p2\pool\plugins\org.eclipse.justj.openjdk.hotspot.jre.full.win32.x86_64_21.0.6.v20250130-0529\jre\bin\freetype.dll,,,,Forensics,New,0
167,2026-05-12T11:57:56.326907,New File Detected,MEDIUM,New monitored file detected: C:\Users\rajpr\.p2\pool\plugins\org.eclipse.justj.openjdk.hotspot.jre.full.win32.x86_64_21.0.6.v20250130-0529\jre\bin\fontmanager.dll,,,,Forensics,New,0
166,2026-05-12T11:57:56.298866,New File Detected,MEDIUM,New monitored file detected: C:\Users\rajpr\.p2\pool\plugins\org.eclipse.justj.openjdk.hotspot.jre.full.win32.x86_64_21.0.6.v20250130-0529\jre\bin\extnet.dll,,,,Forensics,New,0
165,2026-05-12T11:57:56.274143,New File Detected,MEDIUM,New monitored file detected: C:\Users\rajpr\.p2\pool\plugins\org.eclipse.justj.openjdk.hotspot.jre.full.win32.x86_64_21.0.6.v20250130-0529\jre\bin\dt_socket.dll,,,,Forensics,New,0
164,2026-05-12T11:57:56.245403,New File Detected,MEDIUM,New monitored file detected: C:\Users\rajpr\.p2\pool\plugins\org.eclipse.justj.openjdk.hotspot.jre.full.win32.x86_64_21.0.6.v20250130-0529\jre\bin\dt_shmem.dll,,,,Forensics,New,0
163,2026-05-12T11:57:56.215758,New File Detected,MEDIUM,New monitored file detected: C:\Users\rajpr\.p2\pool\plugins\org.eclipse.justj.openjdk.hotspot.jre.full.win32.x86_64_21.0.6.v20250130-0529\jre\bin\awt.dll,,,,Forensics,New,0
162,2026-05-12T11:57:56.182065,New File Detected,MEDIUM,New monitored file detected: C:\Users\rajpr\.p2\pool\plugins\org.eclipse.justj.openjdk.hotspot.jre.full.win32.x86_64_21.0.6.v20250130-0529\jre\bin\attach.dll,,,,Forensics,New,0
161,2026-05-12T11:57:56.160828,New File Detected,MEDIUM,New monitored file detected: C:\Users\rajpr\.p2\pool\plugins\org.eclipse.justj.openjdk.hotspot.jre.full.win32.x86_64_21.0.6.v20250130-0529\jre\bin\api-ms-win-crt-utility-l1-1-0.dll,,,,Forensics,New,0
160,2026-05-12T11:57:56.139928,New File Detected,MEDIUM,New monitored file detected: C:\Users\rajpr\.p2\pool\plugins\org.eclipse.justj.openjdk.hotspot.jre.full.win32.x86_64_21.0.6.v20250130-0529\jre\bin\api-ms-win-crt-time-l1-1-0.dll,,,,Forensics,New,0
159,2026-05-12T11:57:56.120020,New File Detected,MEDIUM,New monitored file detected: C:\Users\rajpr\.p2\pool\plugins\org.eclipse.justj.openjdk.hotspot.jre.full.win32.x86_64_21.0.6.v20250130-0529\jre\bin\api-ms-win-crt-string-l1-1-0.dll,,,,Forensics,New,0
158,2026-05-12T11:57:56.099187,New File Detected,MEDIUM,New monitored file detected: C:\Users\rajpr\.p2\pool\plugins\org.eclipse.justj.openjdk.hotspot.jre.full.win32.x86_64_21.0.6.v20250130-0529\jre\bin\api-ms-win-crt-stdio-l1-1-0.dll,,,,Forensics,New,0
157,2026-05-12T11:57:56.077973,New File Detected,MEDIUM,New monitored file detected: C:\Users\rajpr\.p2\pool\plugins\org.eclipse.justj.openjdk.hotspot.jre.full.win32.x86_64_21.0.6.v20250130-0529\jre\bin\api-ms-win-crt-runtime-l1-1-0.dll,,,,Forensics,New,0
156,2026-05-12T11:57:56.056811,New File Detected,MEDIUM,New monitored file detected: C:\Users\rajpr\.p2\pool\plugins\org.eclipse.justj.openjdk.hotspot.jre.full.win32.x86_64_21.0.6.v20250130-0529\jre\bin\api-ms-win-crt-process-l1-1-0.dll,,,,Forensics,New,0
155,2026-05-12T11:57:56.036007,New File Detected,MEDIUM,New monitored file detected: C:\Users\rajpr\.p2\pool\plugins\org.eclipse.justj.openjdk.hotspot.jre.full.win32.x86_64_21.0.6.v20250130-0529\jre\bin\api-ms-win-crt-private-l1-1-0.dll,,,,Forensics,New,0
154,2026-05-12T11:57:56.011496,New File Detected,MEDIUM,New monitored file detected: C:\Users\rajpr\.p2\pool\plugins\org.eclipse.justj.openjdk.hotspot.jre.full.win32.x86_64_21.0.6.v20250130-0529\jre\bin\api-ms-win-crt-multibyte-l1-1-0.dll,,,,Forensics,New,0
153,2026-05-12T11:57:55.991200,New File Detected,MEDIUM,New monitored file detected: C:\Users\rajpr\.p2\pool\plugins\org.eclipse.justj.openjdk.hotspot.jre.full.win32.x86_64_21.0.6.v20250130-0529\jre\bin\api-ms-win-crt-math-l1-1-0.dll,,,,Forensics,New,0
152,2026-05-12T11:57:55.970036,New File Detected,MEDIUM,New monitored file detected: C:\Users\rajpr\.p2\pool\plugins\org.eclipse.justj.openjdk.hotspot.jre.full.win32.x86_64_21.0.6.v20250130-0529\jre\bin\api-ms-win-crt-locale-l1-1-0.dll,,,,Forensics,New,0
151,2026-05-12T11:57:55.851202,New File Detected,MEDIUM,New monitored file detected: C:\Users\rajpr\.p2\pool\plugins\org.eclipse.justj.openjdk.hotspot.jre.full.win32.x86_64_21.0.6.v20250130-0529\jre\bin\api-ms-win-crt-heap-l1-1-0.dll,,,,Forensics,New,0
150,2026-05-12T11:57:55.828651,New File Detected,MEDIUM,New monitored file detected: C:\Users\rajpr\.p2\pool\plugins\org.eclipse.justj.openjdk.hotspot.jre.full.win32.x86_64_21.0.6.v20250130-0529\jre\bin\api-ms-win-crt-filesystem-l1-1-0.dll,,,,Forensics,New,0
149,2026-05-12T11:57:55.804363,New File Detected,MEDIUM,New monitored file detected: C:\Users\rajpr\.p2\pool\plugins\org.eclipse.justj.openjdk.hotspot.jre.full.win32.x86_64_21.0.6.v20250130-0529\jre\bin\api-ms-win-crt-environment-l1-1-0.dll,,,,Forensics,New,0
148,2026-05-12T11:57:55.780085,New File Detected,MEDIUM,New monitored file detected: C:\Users\rajpr\.p2\pool\plugins\org.eclipse.justj.openjdk.hotspot.jre.full.win32.x86_64_21.0.6.v20250130-0529\jre\bin\api-ms-win-crt-convert-l1-1-0.dll,,,,Forensics,New,0
147,2026-05-12T11:57:55.757446,New File Detected,MEDIUM,New monitored file detected: C:\Users\rajpr\.p2\pool\plugins\org.eclipse.justj.openjdk.hotspot.jre.full.win32.x86_64_21.0.6.v20250130-0529\jre\bin\api-ms-win-crt-conio-l1-1-0.dll,,,,Forensics,New,0
146,2026-05-12T11:57:55.734607,New File Detected,MEDIUM,New monitored file detected: C:\Users\rajpr\.p2\pool\plugins\org.eclipse.justj.openjdk.hotspot.jre.full.win32.x86_64_21.0.6.v20250130-0529\jre\bin\api-ms-win-core-util-l1-1-0.dll,,,,Forensics,New,0
145,2026-05-12T11:57:55.710541,New File Detected,MEDIUM,New monitored file detected: C:\Users\rajpr\.p2\pool\plugins\org.eclipse.justj.openjdk.hotspot.jre.full.win32.x86_64_21.0.6.v20250130-0529\jre\bin\api-ms-win-core-timezone-l1-1-0.dll,,,,Forensics,New,0
144,2026-05-12T11:57:55.687066,New File Detected,MEDIUM,New monitored file detected: C:\Users\rajpr\.p2\pool\plugins\org.eclipse.justj.openjdk.hotspot.jre.full.win32.x86_64_21.0.6.v20250130-0529\jre\bin\api-ms-win-core-sysinfo-l1-2-0.dll,,,,Forensics,New,0
143,2026-05-12T11:57:55.664164,New File Detected,MEDIUM,New monitored file detected: C:\Users\rajpr\.p2\pool\plugins\org.eclipse.justj.openjdk.hotspot.jre.full.win32.x86_64_21.0.6.v20250130-0529\jre\bin\api-ms-win-core-sysinfo-l1-1-0.dll,,,,Forensics,New,0
142,2026-05-12T11:57:55.641795,New File Detected,MEDIUM,New monitored file detected: C:\Users\rajpr\.p2\pool\plugins\org.eclipse.justj.openjdk.hotspot.jre.full.win32.x86_64_21.0.6.v20250130-0529\jre\bin\api-ms-win-core-synch-l1-2-0.dll,,,,Forensics,New,0
141,2026-05-12T11:57:55.618371,New File Detected,MEDIUM,New monitored file detected: C:\Users\rajpr\.p2\pool\plugins\org.eclipse.justj.openjdk.hotspot.jre.full.win32.x86_64_21.0.6.v20250130-0529\jre\bin\api-ms-win-core-synch-l1-1-0.dll,,,,Forensics,New,0
140,2026-05-12T11:57:55.595860,New File Detected,MEDIUM,New monitored file detected: C:\Users\rajpr\.p2\pool\plugins\org.eclipse.justj.openjdk.hotspot.jre.full.win32.x86_64_21.0.6.v20250130-0529\jre\bin\api-ms-win-core-string-l1-1-0.dll,,,,Forensics,New,0
139,2026-05-12T11:57:55.572437,New File Detected,MEDIUM,New monitored file detected: C:\Users\rajpr\.p2\pool\plugins\org.eclipse.justj.openjdk.hotspot.jre.full.win32.x86_64_21.0.6.v20250130-0529\jre\bin\api-ms-win-core-rtlsupport-l1-1-0.dll,,,,Forensics,New,0
138,2026-05-12T11:57:55.548667,New File Detected,MEDIUM,New monitored file detected: C:\Users\rajpr\.p2\pool\plugins\org.eclipse.justj.openjdk.hotspot.jre.full.win32.x86_64_21.0.6.v20250130-0529\jre\bin\api-ms-win-core-profile-l1-1-0.dll,,,,Forensics,New,0
137,2026-05-12T11:57:55.524309,New File Detected,MEDIUM,New monitored file detected: C:\Users\rajpr\.p2\pool\plugins\org.eclipse.justj.openjdk.hotspot.jre.full.win32.x86_64_21.0.6.v20250130-0529\jre\bin\api-ms-win-core-processthreads-l1-1-1.dll,,,,Forensics,New,0
136,2026-05-12T11:57:55.500737,New File Detected,MEDIUM,New monitored file detected: C:\Users\rajpr\.p2\pool\plugins\org.eclipse.justj.openjdk.hotspot.jre.full.win32.x86_64_21.0.6.v20250130-0529\jre\bin\api-ms-win-core-processthreads-l1-1-0.dll,,,,Forensics,New,0
135,2026-05-12T11:57:55.477914,New File Detected,MEDIUM,New monitored file detected: C:\Users\rajpr\.p2\pool\plugins\org.eclipse.justj.openjdk.hotspot.jre.full.win32.x86_64_21.0.6.v20250130-0529\jre\bin\api-ms-win-core-processenvironment-l1-1-0.dll,,,,Forensics,New,0
134,2026-05-12T11:57:55.456545,New File Detected,MEDIUM,New monitored file detected: C:\Users\rajpr\.p2\pool\plugins\org.eclipse.justj.openjdk.hotspot.jre.full.win32.x86_64_21.0.6.v20250130-0529\jre\bin\api-ms-win-core-namedpipe-l1-1-0.dll,,,,Forensics,New,0
133,2026-05-12T11:57:55.434356,New File Detected,MEDIUM,New monitored file detected: C:\Users\rajpr\.p2\pool\plugins\org.eclipse.justj.openjdk.hotspot.jre.full.win32.x86_64_21.0.6.v20250130-0529\jre\bin\api-ms-win-core-memory-l1-1-0.dll,,,,Forensics,New,0
132,2026-05-12T11:57:55.412776,New File Detected,MEDIUM,New monitored file detected: C:\Users\rajpr\.p2\pool\plugins\org.eclipse.justj.openjdk.hotspot.jre.full.win32.x86_64_21.0.6.v20250130-0529\jre\bin\api-ms-win-core-localization-l1-2-0.dll,,,,Forensics,New,0
131,2026-05-12T11:57:55.390050,New File Detected,MEDIUM,New monitored file detected: C:\Users\rajpr\.p2\pool\plugins\org.eclipse.justj.openjdk.hotspot.jre.full.win32.x86_64_21.0.6.v20250130-0529\jre\bin\api-ms-win-core-libraryloader-l1-1-0.dll,,,,Forensics,New,0
130,2026-05-12T11:57:55.366500,New File Detected,MEDIUM,New monitored file detected: C:\Users\rajpr\.p2\pool\plugins\org.eclipse.justj.openjdk.hotspot.jre.full.win32.x86_64_21.0.6.v20250130-0529\jre\bin\api-ms-win-core-kernel32-legacy-l1-1-1.dll,,,,Forensics,New,0
129,2026-05-12T11:57:55.344366,New File Detected,MEDIUM,New monitored file detected: C:\Users\rajpr\.p2\pool\plugins\org.eclipse.justj.openjdk.hotspot.jre.full.win32.x86_64_21.0.6.v20250130-0529\jre\bin\api-ms-win-core-interlocked-l1-1-0.dll,,,,Forensics,New,0
128,2026-05-12T11:57:55.322474,New File Detected,MEDIUM,New monitored file detected: C:\Users\rajpr\.p2\pool\plugins\org.eclipse.justj.openjdk.hotspot.jre.full.win32.x86_64_21.0.6.v20250130-0529\jre\bin\api-ms-win-core-heap-l1-1-0.dll,,,,Forensics,New,0
127,2026-05-12T11:57:55.301207,New File Detected,MEDIUM,New monitored file detected: C:\Users\rajpr\.p2\pool\plugins\org.eclipse.justj.openjdk.hotspot.jre.full.win32.x86_64_21.0.6.v20250130-0529\jre\bin\api-ms-win-core-handle-l1-1-0.dll,,,,Forensics,New,0
126,2026-05-12T11:57:55.279982,New File Detected,MEDIUM,New monitored file detected: C:\Users\rajpr\.p2\pool\plugins\org.eclipse.justj.openjdk.hotspot.jre.full.win32.x86_64_21.0.6.v20250130-0529\jre\bin\api-ms-win-core-file-l2-1-0.dll,,,,Forensics,New,0
125,2026-05-12T11:57:55.258143,New File Detected,MEDIUM,New monitored file detected: C:\Users\rajpr\.p2\pool\plugins\org.eclipse.justj.openjdk.hotspot.jre.full.win32.x86_64_21.0.6.v20250130-0529\jre\bin\api-ms-win-core-file-l1-2-0.dll,,,,Forensics,New,0
124,2026-05-12T11:57:55.235859,New File Detected,MEDIUM,New monitored file detected: C:\Users\rajpr\.p2\pool\plugins\org.eclipse.justj.openjdk.hotspot.jre.full.win32.x86_64_21.0.6.v20250130-0529\jre\bin\api-ms-win-core-file-l1-1-0.dll,,,,Forensics,New,0
123,2026-05-12T11:57:55.210246,New File Detected,MEDIUM,New monitored file detected: C:\Users\rajpr\.p2\pool\plugins\org.eclipse.justj.openjdk.hotspot.jre.full.win32.x86_64_21.0.6.v20250130-0529\jre\bin\api-ms-win-core-fibers-l1-1-1.dll,,,,Forensics,New,0
122,2026-05-12T11:57:55.188620,New File Detected,MEDIUM,New monitored file detected: C:\Users\rajpr\.p2\pool\plugins\org.eclipse.justj.openjdk.hotspot.jre.full.win32.x86_64_21.0.6.v20250130-0529\jre\bin\api-ms-win-core-fibers-l1-1-0.dll,,,,Forensics,New,0
121,2026-05-12T11:57:55.166881,New File Detected,MEDIUM,New monitored file detected: C:\Users\rajpr\.p2\pool\plugins\org.eclipse.justj.openjdk.hotspot.jre.full.win32.x86_64_21.0.6.v20250130-0529\jre\bin\api-ms-win-core-errorhandling-l1-1-0.dll,,,,Forensics,New,0
120,2026-05-12T11:57:55.146172,New File Detected,MEDIUM,New monitored file detected: C:\Users\rajpr\.p2\pool\plugins\org.eclipse.justj.openjdk.hotspot.jre.full.win32.x86_64_21.0.6.v20250130-0529\jre\bin\api-ms-win-core-debug-l1-1-0.dll,,,,Forensics,New,0
119,2026-05-12T11:57:55.121871,New File Detected,MEDIUM,New monitored file detected: C:\Users\rajpr\.p2\pool\plugins\org.eclipse.justj.openjdk.hotspot.jre.full.win32.x86_64_21.0.6.v20250130-0529\jre\bin\api-ms-win-core-datetime-l1-1-0.dll,,,,Forensics,New,0
118,2026-05-12T11:57:55.097306,New File Detected,MEDIUM,New monitored file detected: C:\Users\rajpr\.p2\pool\plugins\org.eclipse.justj.openjdk.hotspot.jre.full.win32.x86_64_21.0.6.v20250130-0529\jre\bin\api-ms-win-core-console-l1-2-0.dll,,,,Forensics,New,0
117,2026-05-12T11:57:55.073657,New File Detected,MEDIUM,New monitored file detected: C:\Users\rajpr\.p2\pool\plugins\org.eclipse.justj.openjdk.hotspot.jre.full.win32.x86_64_21.0.6.v20250130-0529\jre\bin\api-ms-win-core-console-l1-1-0.dll,,,,Forensics,New,0
116,2026-05-12T11:57:55.048145,New File Detected,MEDIUM,New monitored file detected: C:\Users\rajpr\.p2\pool\plugins\org.eclipse.equinox.launcher.win32.win32.x86_64_1.2.1200.v20250212-0927\eclipse_11909.dll,,,,Forensics,New,0
115,2026-05-12T11:57:55.021262,New File Detected,MEDIUM,New monitored file detected: C:\Users\rajpr\.p2\pool\plugins\org.eclipse.cdt.core.win32.x86_64_12.0.0.202502260302\os\win32\x86_64\winpty.dll,,,,Forensics,New,0
114,2026-05-12T11:57:55.000885,New File Detected,MEDIUM,New monitored file detected: C:\Users\rajpr\.p2\pool\plugins\org.eclipse.cdt.core.win32.x86_64_12.0.0.202502260302\os\win32\x86_64\winpty-agent.exe,,,,Forensics,New,0
113,2026-05-12T11:57:54.980578,New File Detected,MEDIUM,New monitored file detected: C:\Users\rajpr\.p2\pool\plugins\org.eclipse.cdt.core.win32.x86_64_12.0.0.202502260302\os\win32\x86_64\starter.exe,,,,Forensics,New,0
112,2026-05-12T11:57:54.958383,New File Detected,MEDIUM,New monitored file detected: C:\Users\rajpr\.p2\pool\plugins\org.eclipse.cdt.core.win32.x86_64_12.0.0.202502260302\os\win32\x86_64\spawner.dll,,,,Forensics,New,0
111,2026-05-12T11:57:54.939955,New File Detected,MEDIUM,New monitored file detected: C:\Users\rajpr\.p2\pool\plugins\org.eclipse.cdt.core.win32.x86_64_12.0.0.202502260302\os\win32\x86_64\pty.dll,,,,Forensics,New,0
110,2026-05-12T11:57:54.918849,New File Detected,MEDIUM,New monitored file detected: C:\Users\rajpr\.p2\pool\plugins\org.apache.ant_1.10.15.v20240901-1000\bin\lcp.bat,,,,Forensics,New,0
109,2026-05-12T11:57:54.900940,New File Detected,MEDIUM,New monitored file detected: C:\Users\rajpr\.p2\pool\plugins\org.apache.ant_1.10.15.v20240901-1000\bin\antRun.bat,,,,Forensics,New,0
108,2026-05-12T11:57:54.880780,New File Detected,MEDIUM,New monitored file detected: C:\Users\rajpr\.p2\pool\plugins\org.apache.ant_1.10.15.v20240901-1000\bin\ant.bat,,,,Forensics,New,0
107,2026-05-12T11:57:54.860369,New File Detected,MEDIUM,New monitored file detected: C:\Users\rajpr\.p2\pool\plugins\com.sun.jna_5.16.0.v20241222-1200\com\sun\jna\win32-x86-64\jnidispatch.dll,,,,Forensics,New,0
106,2026-05-12T11:57:54.837269,New File Detected,MEDIUM,New monitored file detected: C:\Users\rajpr\.p2\pool\plugins\com.sun.jna_5.16.0.v20241222-1200\com\sun\jna\win32-x86\jnidispatch.dll,,,,Forensics,New,0
105,2026-05-12T11:57:54.816413,New File Detected,MEDIUM,New monitored file detected: C:\Users\rajpr\.p2\pool\plugins\com.sun.jna_5.16.0.v20241222-1200\com\sun\jna\win32-aarch64\jnidispatch.dll,,,,Forensics,New,0
104,2026-05-12T11:57:54.765945,New File Detected,MEDIUM,New monitored file detected: C:\Users\rajpr\.codex\tmp\arg0\codex-arg06EZq9P\apply_patch.bat,,,,Forensics,New,0
103,2026-05-12T11:57:54.744068,New File Detected,MEDIUM,New monitored file detected: C:\Users\rajpr\.codex\tmp\arg0\codex-arg06EZq9P\applypatch.bat,,,,Forensics,New,0
102,2026-05-12T11:57:54.720396,New File Detected,MEDIUM,New monitored file detected: C:\Users\rajpr\.codex\skills\.system\openai-docs\scripts\resolve-latest-model-info.js,,,,Forensics,New,0
101,2026-05-12T11:57:54.675441,New File Detected,MEDIUM,New monitored file detected: C:\Users\rajpr\.codex\.tmp\plugins\plugins\superpowers\skills\writing-skills\render-graphs.js,,,,Forensics,New,0
100,2026-05-12T11:57:54.653292,New File Detected,MEDIUM,New monitored file detected: C:\Users\rajpr\.codex\.tmp\plugins\plugins\superpowers\skills\brainstorming\scripts\helper.js,,,,Forensics,New,0
99,2026-05-12T11:57:54.616889,New File Detected,MEDIUM,New monitored file detected: C:\Users\rajpr\.codex\.tmp\plugins\plugins\plugin-eval\tests\plugin-eval.test.js,,,,Forensics,New,0
98,2026-05-12T11:57:54.594784,New File Detected,MEDIUM,New monitored file detected: C:\Users\rajpr\.codex\.tmp\plugins\plugins\plugin-eval\src\renderers\markdown.js,,,,Forensics,New,0
97,2026-05-12T11:57:54.568900,New File Detected,MEDIUM,New monitored file detected: C:\Users\rajpr\.codex\.tmp\plugins\plugins\plugin-eval\src\renderers\index.js,,,,Forensics,New,0
96,2026-05-12T11:57:54.547130,New File Detected,MEDIUM,New monitored file detected: C:\Users\rajpr\.codex\.tmp\plugins\plugins\plugin-eval\src\renderers\html.js,,,,Forensics,New,0
95,2026-05-12T11:57:54.525159,New File Detected,MEDIUM,New monitored file detected: C:\Users\rajpr\.codex\.tmp\plugins\plugins\plugin-eval\src\lib\tokens.js,,,,Forensics,New,0
94,2026-05-12T11:57:54.505238,New File Detected,MEDIUM,New monitored file detected: C:\Users\rajpr\.codex\.tmp\plugins\plugins\plugin-eval\src\lib\frontmatter.js,,,,Forensics,New,0
93,2026-05-12T11:57:54.485570,New File Detected,MEDIUM,New monitored file detected: C:\Users\rajpr\.codex\.tmp\plugins\plugins\plugin-eval\src\lib\files.js,,,,Forensics,New,0
92,2026-05-12T11:57:54.467037,New File Detected,MEDIUM,New monitored file detected: C:\Users\rajpr\.codex\.tmp\plugins\plugins\plugin-eval\src\evaluators\typescript.js,,,,Forensics,New,0
91,2026-05-12T11:57:54.449911,New File Detected,MEDIUM,New monitored file detected: C:\Users\rajpr\.codex\.tmp\plugins\plugins\plugin-eval\src\evaluators\skill.js,,,,Forensics,New,0
90,2026-05-12T11:57:54.432986,New File Detected,MEDIUM,New monitored file detected: C:\Users\rajpr\.codex\.tmp\plugins\plugins\plugin-eval\src\evaluators\python.js,,,,Forensics,New,0
89,2026-05-12T11:57:54.415716,New File Detected,MEDIUM,New monitored file detected: C:\Users\rajpr\.codex\.tmp\plugins\plugins\plugin-eval\src\evaluators\plugin.js,,,,Forensics,New,0
88,2026-05-12T11:57:54.397635,New File Detected,MEDIUM,New monitored file detected: C:\Users\rajpr\.codex\.tmp\plugins\plugins\plugin-eval\src\evaluators\coverage.js,,,,Forensics,New,0
87,2026-05-12T11:57:54.380219,New File Detected,MEDIUM,New monitored file detected: C:\Users\rajpr\.codex\.tmp\plugins\plugins\plugin-eval\src\evaluators\code.js,,,,Forensics,New,0
86,2026-05-12T11:57:54.362522,New File Detected,MEDIUM,New monitored file detected: C:\Users\rajpr\.codex\.tmp\plugins\plugins\plugin-eval\src\core\workflow-guide.js,,,,Forensics,New,0
85,2026-05-12T11:57:54.343739,New File Detected,MEDIUM,New monitored file detected: C:\Users\rajpr\.codex\.tmp\plugins\plugins\plugin-eval\src\core\target.js,,,,Forensics,New,0
84,2026-05-12T11:57:54.325378,New File Detected,MEDIUM,New monitored file detected: C:\Users\rajpr\.codex\.tmp\plugins\plugins\plugin-eval\src\core\scoring.js,,,,Forensics,New,0
83,2026-05-12T11:57:54.306413,New File Detected,MEDIUM,New monitored file detected: C:\Users\rajpr\.codex\.tmp\plugins\plugins\plugin-eval\src\core\schema.js,,,,Forensics,New,0
82,2026-05-12T11:57:54.287541,New File Detected,MEDIUM,New monitored file detected: C:\Users\rajpr\.codex\.tmp\plugins\plugins\plugin-eval\src\core\presentation.js,,,,Forensics,New,0
81,2026-05-12T11:57:54.265660,New File Detected,MEDIUM,New monitored file detected: C:\Users\rajpr\.codex\.tmp\plugins\plugins\plugin-eval\src\core\observed-usage.js,,,,Forensics,New,0
80,2026-05-12T11:57:54.244655,New File Detected,MEDIUM,New monitored file detected: C:\Users\rajpr\.codex\.tmp\plugins\plugins\plugin-eval\src\core\metric-packs.js,,,,Forensics,New,0
79,2026-05-12T11:57:54.223891,New File Detected,MEDIUM,New monitored file detected: C:\Users\rajpr\.codex\.tmp\plugins\plugins\plugin-eval\src\core\measurement-plan.js,,,,Forensics,New,0
78,2026-05-12T11:57:54.203030,New File Detected,MEDIUM,New monitored file detected: C:\Users\rajpr\.codex\.tmp\plugins\plugins\plugin-eval\src\core\improvement-brief.js,,,,Forensics,New,0
77,2026-05-12T11:57:54.182274,New File Detected,MEDIUM,New monitored file detected: C:\Users\rajpr\.codex\.tmp\plugins\plugins\plugin-eval\src\core\compare.js,,,,Forensics,New,0
76,2026-05-12T11:57:54.161617,New File Detected,MEDIUM,New monitored file detected: C:\Users\rajpr\.codex\.tmp\plugins\plugins\plugin-eval\src\core\budget.js,,,,Forensics,New,0
75,2026-05-12T11:57:54.140648,New File Detected,MEDIUM,New monitored file detected: C:\Users\rajpr\.codex\.tmp\plugins\plugins\plugin-eval\src\core\benchmark.js,,,,Forensics,New,0
74,2026-05-12T11:57:54.120181,New File Detected,MEDIUM,New monitored file detected: C:\Users\rajpr\.codex\.tmp\plugins\plugins\plugin-eval\src\core\benchmark-workspace.js,,,,Forensics,New,0
73,2026-05-12T11:57:54.101365,New File Detected,MEDIUM,New monitored file detected: C:\Users\rajpr\.codex\.tmp\plugins\plugins\plugin-eval\src\core\benchmark-events.js,,,,Forensics,New,0
72,2026-05-12T11:57:54.082133,New File Detected,MEDIUM,New monitored file detected: C:\Users\rajpr\.codex\.tmp\plugins\plugins\plugin-eval\src\core\baseline.js,,,,Forensics,New,0
71,2026-05-12T11:57:54.060951,New File Detected,MEDIUM,New monitored file detected: C:\Users\rajpr\.codex\.tmp\plugins\plugins\plugin-eval\src\core\analyze.js,,,,Forensics,New,0
70,2026-05-12T11:57:54.040198,New File Detected,MEDIUM,New monitored file detected: C:\Users\rajpr\.codex\.tmp\plugins\plugins\plugin-eval\src\index.js,,,,Forensics,New,0
69,2026-05-12T11:57:54.018501,New File Detected,MEDIUM,New monitored file detected: C:\Users\rajpr\.codex\.tmp\plugins\plugins\plugin-eval\src\cli.js,,,,Forensics,New,0
68,2026-05-12T11:57:53.996321,New File Detected,MEDIUM,New monitored file detected: C:\Users\rajpr\.codex\.tmp\plugins\plugins\plugin-eval\scripts\plugin-eval.js,,,,Forensics,New,0
67,2026-05-12T11:57:53.975466,New File Detected,MEDIUM,New monitored file detected: C:\Users\rajpr\.codex\.tmp\plugins\plugins\plugin-eval\fixtures\metric-pack\emit-pack.js,,,,Forensics,New,0
66,2026-05-12T11:57:53.915404,New File Detected,MEDIUM,New monitored file detected: C:\Users\rajpr\.codex\.tmp\plugins\plugins\figma\skills\figma-generate-library\scripts\validateCreation.js,,,,Forensics,New,0
65,2026-05-12T11:57:53.898212,New File Detected,MEDIUM,New monitored file detected: C:\Users\rajpr\.codex\.tmp\plugins\plugins\figma\skills\figma-generate-library\scripts\rehydrateState.js,,,,Forensics,New,0
64,2026-05-12T11:57:53.880530,New File Detected,MEDIUM,New monitored file detected: C:\Users\rajpr\.codex\.tmp\plugins\plugins\figma\skills\figma-generate-library\scripts\inspectFileStructure.js,,,,Forensics,New,0
63,2026-05-12T11:57:53.861994,New File Detected,MEDIUM,New monitored file detected: C:\Users\rajpr\.codex\.tmp\plugins\plugins\figma\skills\figma-generate-library\scripts\createVariableCollection.js,,,,Forensics,New,0
62,2026-05-12T11:57:53.844972,New File Detected,MEDIUM,New monitored file detected: C:\Users\rajpr\.codex\.tmp\plugins\plugins\figma\skills\figma-generate-library\scripts\createSemanticTokens.js,,,,Forensics,New,0
61,2026-05-12T11:57:53.827080,New File Detected,MEDIUM,New monitored file detected: C:\Users\rajpr\.codex\.tmp\plugins\plugins\figma\skills\figma-generate-library\scripts\createDocumentationPage.js,,,,Forensics,New,0
60,2026-05-12T11:57:53.806855,New File Detected,MEDIUM,New monitored file detected: C:\Users\rajpr\.codex\.tmp\plugins\plugins\figma\skills\figma-generate-library\scripts\createComponentWithVariants.js,,,,Forensics,New,0
59,2026-05-12T11:57:53.785765,New File Detected,MEDIUM,New monitored file detected: C:\Users\rajpr\.codex\.tmp\plugins\plugins\figma\skills\figma-generate-library\scripts\cleanupOrphans.js,,,,Forensics,New,0
58,2026-05-12T11:57:53.763815,New File Detected,MEDIUM,New monitored file detected: C:\Users\rajpr\.codex\.tmp\plugins\plugins\figma\skills\figma-generate-library\scripts\bindVariablesToComponent.js,,,,Forensics,New,0
57,2026-05-12T11:57:53.738849,New File Detected,MEDIUM,New monitored file detected: C:\Users\rajpr\.codex\.tmp\plugins\plugins\expo\skills\expo-cicd-workflows\scripts\validate.js,,,,Forensics,New,0
56,2026-05-12T11:57:53.721639,New File Detected,MEDIUM,New monitored file detected: C:\Users\rajpr\.codex\.tmp\plugins\plugins\expo\skills\expo-cicd-workflows\scripts\fetch.js,,,,Forensics,New,0
55,2026-05-12T11:57:53.671282,New File Detected,MEDIUM,New monitored file detected: C:\Users\rajpr\.codex\.tmp\bundled-marketplaces\openai-bundled\plugins\latex-tectonic\bin\tectonic.exe,,,,Forensics,New,0
54,2026-05-12T11:57:53.569854,New File Detected,MEDIUM,New monitored file detected: C:\Users\rajpr\.cache\codex-runtimes\codex-primary-runtime\plugins\openai-primary-runtime\plugins\presentations\skills\presentations\scripts\create_presentation_workspace.js,,,,Forensics,New,0
53,2026-05-12T11:57:53.548785,New File Detected,MEDIUM,New monitored file detected: C:\Users\rajpr\.cache\codex-runtimes\codex-primary-runtime\plugins\openai-primary-runtime\plugins\presentations\skills\presentations\scripts\check_presentation_quality.js,,,,Forensics,New,0
52,2026-05-12T11:57:53.520331,New File Detected,MEDIUM,New monitored file detected: C:\Users\rajpr\.cache\codex-runtimes\codex-primary-runtime\dependencies\python\tcl\tix8.4.3\tix84.dll,,,,Forensics,New,0
51,2026-05-12T11:57:53.489136,New File Detected,MEDIUM,New monitored file detected: C:\Users\rajpr\.cache\codex-runtimes\codex-primary-runtime\dependencies\python\tcl\reg1.3\tclreg13.dll,,,,Forensics,New,0
50,2026-05-12T11:57:53.467322,New File Detected,MEDIUM,New monitored file detected: C:\Users\rajpr\.cache\codex-runtimes\codex-primary-runtime\dependencies\python\tcl\dde1.4\tcldde14.dll,,,,Forensics,New,0
49,2026-05-12T11:57:53.446609,New File Detected,MEDIUM,New monitored file detected: C:\Users\rajpr\.cache\codex-runtimes\codex-primary-runtime\dependencies\python\Scripts\wheel.exe,,,,Forensics,New,0
48,2026-05-12T11:57:53.424547,New File Detected,MEDIUM,New monitored file detected: C:\Users\rajpr\.cache\codex-runtimes\codex-primary-runtime\dependencies\python\Scripts\numpy-config.exe,,,,Forensics,New,0
47,2026-05-12T11:57:53.403464,New File Detected,MEDIUM,New monitored file detected: C:\Users\rajpr\.cache\codex-runtimes\codex-primary-runtime\dependencies\python\Scripts\normalizer.exe,,,,Forensics,New,0
46,2026-05-12T11:57:53.382128,New File Detected,MEDIUM,New monitored file detected: C:\Users\rajpr\.cache\codex-runtimes\codex-primary-runtime\dependencies\python\Scripts\f2py.exe,,,,Forensics,New,0
45,2026-05-12T11:57:53.341486,New File Detected,MEDIUM,New monitored file detected: C:\Users\rajpr\.cache\codex-runtimes\codex-primary-runtime\dependencies\python\Lib\site-packages\setuptools\gui.exe,,,,Forensics,New,0
44,2026-05-12T11:57:53.321384,New File Detected,MEDIUM,New monitored file detected: C:\Users\rajpr\.cache\codex-runtimes\codex-primary-runtime\dependencies\python\Lib\site-packages\setuptools\gui-arm64.exe,,,,Forensics,New,0
43,2026-05-12T11:57:53.301940,New File Detected,MEDIUM,New monitored file detected: C:\Users\rajpr\.cache\codex-runtimes\codex-primary-runtime\dependencies\python\Lib\site-packages\setuptools\gui-64.exe,,,,Forensics,New,0
42,2026-05-12T11:57:53.284184,New File Detected,MEDIUM,New monitored file detected: C:\Users\rajpr\.cache\codex-runtimes\codex-primary-runtime\dependencies\python\Lib\site-packages\setuptools\gui-32.exe,,,,Forensics,New,0
41,2026-05-12T11:57:53.265526,New File Detected,MEDIUM,New monitored file detected: C:\Users\rajpr\.cache\codex-runtimes\codex-primary-runtime\dependencies\python\Lib\site-packages\setuptools\cli.exe,,,,Forensics,New,0
40,2026-05-12T11:57:53.245702,New File Detected,MEDIUM,New monitored file detected: C:\Users\rajpr\.cache\codex-runtimes\codex-primary-runtime\dependencies\python\Lib\site-packages\setuptools\cli-arm64.exe,,,,Forensics,New,0
39,2026-05-12T11:57:53.225283,New File Detected,MEDIUM,New monitored file detected: C:\Users\rajpr\.cache\codex-runtimes\codex-primary-runtime\dependencies\python\Lib\site-packages\setuptools\cli-64.exe,,,,Forensics,New,0
38,2026-05-12T11:57:53.201106,New File Detected,MEDIUM,New monitored file detected: C:\Users\rajpr\.cache\codex-runtimes\codex-primary-runtime\dependencies\python\Lib\site-packages\setuptools\cli-32.exe,,,,Forensics,New,0
37,2026-05-12T11:57:53.165999,New File Detected,MEDIUM,New monitored file detected: C:\Users\rajpr\.cache\codex-runtimes\codex-primary-runtime\dependencies\python\Lib\site-packages\pip\_vendor\distlib\w64.exe,,,,Forensics,New,0
36,2026-05-12T11:57:53.145084,New File Detected,MEDIUM,New monitored file detected: C:\Users\rajpr\.cache\codex-runtimes\codex-primary-runtime\dependencies\python\Lib\site-packages\pip\_vendor\distlib\w64-arm.exe,,,,Forensics,New,0
35,2026-05-12T11:57:53.123782,New File Detected,MEDIUM,New monitored file detected: C:\Users\rajpr\.cache\codex-runtimes\codex-primary-runtime\dependencies\python\Lib\site-packages\pip\_vendor\distlib\w32.exe,,,,Forensics,New,0
34,2026-05-12T11:57:53.103932,New File Detected,MEDIUM,New monitored file detected: C:\Users\rajpr\.cache\codex-runtimes\codex-primary-runtime\dependencies\python\Lib\site-packages\pip\_vendor\distlib\t64.exe,,,,Forensics,New,0
33,2026-05-12T11:57:53.082451,New File Detected,MEDIUM,New monitored file detected: C:\Users\rajpr\.cache\codex-runtimes\codex-primary-runtime\dependencies\python\Lib\site-packages\pip\_vendor\distlib\t64-arm.exe,,,,Forensics,New,0
32,2026-05-12T11:57:53.061697,New File Detected,MEDIUM,New monitored file detected: C:\Users\rajpr\.cache\codex-runtimes\codex-primary-runtime\dependencies\python\Lib\site-packages\pip\_vendor\distlib\t32.exe,,,,Forensics,New,0
31,2026-05-12T11:57:53.038278,New File Detected,MEDIUM,New monitored file detected: C:\Users\rajpr\.cache\codex-runtimes\codex-primary-runtime\dependencies\python\Lib\site-packages\pandas.libs\msvcp140-a4c2229bdc2a2a630acdc095b4d86008.dll,,,,Forensics,New,0
30,2026-05-12T11:57:52.998054,New File Detected,MEDIUM,New monitored file detected: C:\Users\rajpr\.cache\codex-runtimes\codex-primary-runtime\dependencies\python\Lib\site-packages\numpy.libs\msvcp140-a4c2229bdc2a2a630acdc095b4d86008.dll,,,,Forensics,New,0
29,2026-05-12T11:57:52.979853,New File Detected,MEDIUM,New monitored file detected: C:\Users\rajpr\.cache\codex-runtimes\codex-primary-runtime\dependencies\python\Lib\site-packages\numpy.libs\libscipy_openblas64_-9e3e5a4229c1ca39f10dc82bba9e2b2b.dll,,,,Forensics,New,0
28,2026-05-12T11:57:52.915330,New File Detected,MEDIUM,New monitored file detected: C:\Users\rajpr\.cache\codex-runtimes\codex-primary-runtime\dependencies\python\Lib\site-packages\artifact_tool_v2\bin\artifact_tool_rpc_daemon.js,,,,Forensics,New,0
27,2026-05-12T11:57:52.884267,New File Detected,MEDIUM,New monitored file detected: C:\Users\rajpr\.cache\codex-runtimes\codex-primary-runtime\dependencies\python\Lib\site-packages\artifact_tool_v2\bin\artifact_tool_rpc_daemon.exe,,,,Forensics,New,0
26,2026-05-12T11:57:52.721500,New File Detected,MEDIUM,New monitored file detected: C:\Users\rajpr\.cache\codex-runtimes\codex-primary-runtime\dependencies\python\Lib\idlelib\idle.bat,,,,Forensics,New,0
25,2026-05-12T11:57:52.697745,New File Detected,MEDIUM,New monitored file detected: C:\Users\rajpr\.cache\codex-runtimes\codex-primary-runtime\dependencies\python\Lib\ctypes\macholib\fetch_macholib.bat,,,,Forensics,New,0
24,2026-05-12T11:57:52.672081,New File Detected,MEDIUM,New monitored file detected: C:\Users\rajpr\.cache\codex-runtimes\codex-primary-runtime\dependencies\python\DLLs\tk86t.dll,,,,Forensics,New,0
23,2026-05-12T11:57:52.647929,New File Detected,MEDIUM,New monitored file detected: C:\Users\rajpr\.cache\codex-runtimes\codex-primary-runtime\dependencies\python\DLLs\tcl86t.dll,,,,Forensics,New,0
22,2026-05-12T11:57:52.624786,New File Detected,MEDIUM,New monitored file detected: C:\Users\rajpr\.cache\codex-runtimes\codex-primary-runtime\dependencies\python\DLLs\sqlite3.dll,,,,Forensics,New,0
21,2026-05-12T11:57:52.600822,New File Detected,MEDIUM,New monitored file detected: C:\Users\rajpr\.cache\codex-runtimes\codex-primary-runtime\dependencies\python\DLLs\libssl-3-x64.dll,,,,Forensics,New,0
20,2026-05-12T11:57:52.577071,New File Detected,MEDIUM,New monitored file detected: C:\Users\rajpr\.cache\codex-runtimes\codex-primary-runtime\dependencies\python\DLLs\libffi-8.dll,,,,Forensics,New,0
19,2026-05-12T11:57:52.556390,New File Detected,MEDIUM,New monitored file detected: C:\Users\rajpr\.cache\codex-runtimes\codex-primary-runtime\dependencies\python\DLLs\libcrypto-3-x64.dll,,,,Forensics,New,0
18,2026-05-12T11:57:52.519399,New File Detected,MEDIUM,New monitored file detected: C:\Users\rajpr\.cache\codex-runtimes\codex-primary-runtime\dependencies\python\vcruntime140_1.dll,,,,Forensics,New,0
17,2026-05-12T11:57:52.498595,New File Detected,MEDIUM,New monitored file detected: C:\Users\rajpr\.cache\codex-runtimes\codex-primary-runtime\dependencies\python\vcruntime140.dll,,,,Forensics,New,0
16,2026-05-12T11:57:52.477423,New File Detected,MEDIUM,New monitored file detected: C:\Users\rajpr\.cache\codex-runtimes\codex-primary-runtime\dependencies\python\pythonw.exe,,,,Forensics,New,0
15,2026-05-12T11:57:52.455850,New File Detected,MEDIUM,New monitored file detected: C:\Users\rajpr\.cache\codex-runtimes\codex-primary-runtime\dependencies\python\python312.dll,,,,Forensics,New,0
14,2026-05-12T11:57:52.422390,New File Detected,MEDIUM,New monitored file detected: C:\Users\rajpr\.cache\codex-runtimes\codex-primary-runtime\dependencies\python\python3.dll,,,,Forensics,New,0
13,2026-05-12T11:57:52.404582,New File Detected,MEDIUM,New monitored file detected: C:\Users\rajpr\.cache\codex-runtimes\codex-primary-runtime\dependencies\python\python.exe,,,,Forensics,New,0
12,2026-05-12T11:57:52.385702,New File Detected,MEDIUM,New monitored file detected: C:\Users\rajpr\.cache\codex-runtimes\codex-primary-runtime\dependencies\node\bin\node.exe,,,,Forensics,New,0
11,2026-05-12T11:57:52.231600,New File Detected,MEDIUM,New monitored file detected: C:\Users\rajpr\.cache\codex-runtimes\codex-primary-runtime\dependencies\bin\node_repl.exe,,,,Forensics,New,0
10,2026-05-12T11:57:52.194581,New File Detected,MEDIUM,New monitored file detected: C:\Users\Public\Downloads\Norton\{DSP-N360-GAMER-2222109-36270-FSD5330004}\N360GamerDownloader.exe,,,,Forensics,New,0
9,2026-05-12T11:57:49.390641,Repeated Administrative Privilege Assignment,HIGH,Multiple administrative privilege assignment events detected.,,,,HIDS,New,4672
8,2026-05-12T11:57:49.389739,Rapid Process Spawn Activity,MEDIUM,Large number of processes created within short duration.,,,,HIDS,New,4688
7,2026-05-12T10:54:37,Credential Manager Access,HIGH,Credential Manager credentials were read.,,,,HIDS,New,5379
6,2026-05-12T10:37:40,Administrative Privileges Assigned,HIGH,Special administrative privileges assigned to a new logon session.,,,,HIDS,New,4672
5,2026-05-12T10:37:40,Successful Login,LOW,Successful user authentication detected.,,,,HIDS,New,4624
4,2026-05-12T10:33:23,Operation Attempted On Privileged Object,MEDIUM,An operation was attempted on a privileged object.,,,,HIDS,New,4674
3,2026-05-12T10:31:44,Sensitive Privilege Use,MEDIUM,A privileged service was called.,,,,HIDS,New,4673
2,2026-05-12T10:31:37,New Process Created,MEDIUM,A new process was created on the endpoint.,,,,HIDS,New,4688
1,2026-05-12T10:31:26,Local Group Membership Enumerated,MEDIUM,User local group membership was enumerated.,,,,HIDS,New,4798
